,player,team,opp,fantasy_points,variance
0,Dan_Bailey,DAL,ARI,5.13980140239,1.20923978203
1,Dan_Bailey,DAL,ATL,4.58731108428,0.233598863576
2,Dan_Bailey,DAL,BAL,5.24001099699,1.85589681124
3,Dan_Bailey,DAL,BUF,5.55583456049,1.5419864347
4,Dan_Bailey,DAL,CAR,4.82227824534,0.764528181141
5,Dan_Bailey,DAL,CHI,5.55866932678,2.29982121019
6,Dan_Bailey,DAL,CIN,4.96964421161,3.55061102009
7,Dan_Bailey,DAL,CLE,5.70068014605,1.90205309537
8,Dan_Bailey,DAL,DAL,5.390078976,0.948970941599
9,Dan_Bailey,DAL,DEN,3.00190498089,1.26427060477
10,Dan_Bailey,DAL,DET,2.46229033439,1.7109518969
11,Dan_Bailey,DAL,GB,2.99115888764,1.68375681394
12,Dan_Bailey,DAL,HOU,5.28394197219,0.850007476465
13,Dan_Bailey,DAL,IND,6.45145801316,1.13334117867
14,Dan_Bailey,DAL,JAC,6.32438549998,1.73797364273
15,Dan_Bailey,DAL,KC,3.60881426942,1.04772503102
16,Dan_Bailey,DAL,MIA,5.83588926553,0.473362767507
17,Dan_Bailey,DAL,MIN,7.79513395474,4.17038605295
18,Dan_Bailey,DAL,NE,5.22267990466,0.474944078124
19,Dan_Bailey,DAL,NO,7.6481528962,0.680639888511
20,Dan_Bailey,DAL,NYG,8.07431575609,0.356277760143
21,Dan_Bailey,DAL,NYJ,5.99318269319,1.4276973689
22,Dan_Bailey,DAL,OAK,5.83999324515,1.58633967147
23,Dan_Bailey,DAL,PHI,7.24398334764,1.29037076172
24,Dan_Bailey,DAL,PIT,4.32575247872,1.59679805213
25,Dan_Bailey,DAL,SD,6.7910518406,2.7156914148
26,Dan_Bailey,DAL,SEA,8.67123814012,4.08878598769
27,Dan_Bailey,DAL,SF,4.90695937405,0.684804280219
28,Dan_Bailey,DAL,STL,5.27219599907,1.64396038271
29,Dan_Bailey,DAL,TB,5.32904039629,0.272563701305
30,Dan_Bailey,DAL,TEN,6.86038195867,1.55849307426
31,Dan_Bailey,DAL,WAS,8.88980684682,4.00137973888
32,Connor_Barth,TB,ARI,4.58323122532,1.4111245111
33,Connor_Barth,TB,ATL,5.49749815891,0.713045647751
34,Connor_Barth,TB,BAL,6.24031700069,3.71892948583
35,Connor_Barth,TB,BUF,3.65163072944,1.18834096894
36,Connor_Barth,TB,CAR,4.6722443178,1.01973802101
37,Connor_Barth,TB,CHI,6.32776690385,3.36478746902
38,Connor_Barth,TB,CIN,3.54339340299,5.03755072554
39,Connor_Barth,TB,CLE,5.66588171416,2.82757389591
40,Connor_Barth,TB,DAL,4.88759847128,1.02442476838
41,Connor_Barth,TB,DEN,2.76525897647,2.08555802187
42,Connor_Barth,TB,DET,3.58903088479,2.81583517727
43,Connor_Barth,TB,GB,3.76792746643,2.00278411958
44,Connor_Barth,TB,HOU,4.63860955382,0.994694507723
45,Connor_Barth,TB,IND,5.201666556,0.641530814598
46,Connor_Barth,TB,JAC,5.28305239134,1.28736615858
47,Connor_Barth,TB,KC,3.50406195107,1.6381859734
48,Connor_Barth,TB,MIA,5.59268953791,1.16756775328
49,Connor_Barth,TB,MIN,6.11533972769,2.67805615626
50,Connor_Barth,TB,NE,5.22554545662,1.58506954137
51,Connor_Barth,TB,NO,4.90183638491,0.706141768068
52,Connor_Barth,TB,NYG,8.36313449002,1.7719074122
53,Connor_Barth,TB,NYJ,5.4747996173,1.53357268372
54,Connor_Barth,TB,OAK,7.04529049768,2.7941423264
55,Connor_Barth,TB,PHI,7.46434301062,1.34812882506
56,Connor_Barth,TB,PIT,3.9250072107,2.17669259205
57,Connor_Barth,TB,SD,7.33293135418,4.77992039908
58,Connor_Barth,TB,SEA,6.15748554765,3.22316992913
59,Connor_Barth,TB,SF,5.49001633571,1.38715703048
60,Connor_Barth,TB,STL,4.8318787605,2.13550228141
61,Connor_Barth,TB,TB,6.54218889837,1.5739609954
62,Connor_Barth,TB,TEN,6.39906754769,1.17092334298
63,Connor_Barth,TB,WAS,8.30662743619,3.81775739954
64,Chris_Boswell,PIT,ARI,9.21588133185,1.39780197552
65,Chris_Boswell,PIT,ATL,6.48624173756,0.890930864825
66,Chris_Boswell,PIT,BAL,7.09678657237,1.12942795587
67,Chris_Boswell,PIT,BUF,7.81077109213,1.26760175612
68,Chris_Boswell,PIT,CAR,7.80952650531,2.47758037844
69,Chris_Boswell,PIT,CHI,9.12075777168,1.83252891406
70,Chris_Boswell,PIT,CIN,8.94636282078,0.502908924946
71,Chris_Boswell,PIT,CLE,9.54562854205,0.532487058307
72,Chris_Boswell,PIT,DAL,7.87719193627,1.35103968788
73,Chris_Boswell,PIT,DEN,6.35367389656,0.564947943156
74,Chris_Boswell,PIT,DET,7.46880108487,1.25479240602
75,Chris_Boswell,PIT,GB,5.54324942425,1.11880905362
76,Chris_Boswell,PIT,HOU,7.23309821481,1.23374896808
77,Chris_Boswell,PIT,IND,8.97110014319,2.78001779801
78,Chris_Boswell,PIT,JAC,9.02803570231,2.43074249695
79,Chris_Boswell,PIT,KC,6.09345537002,0.436930766142
80,Chris_Boswell,PIT,MIA,7.47336034842,1.42113102897
81,Chris_Boswell,PIT,MIN,9.40099789014,0.982532384763
82,Chris_Boswell,PIT,NE,6.74479613085,2.31657585269
83,Chris_Boswell,PIT,NO,8.06917338319,3.572116165
84,Chris_Boswell,PIT,NYG,9.02095802935,2.00861559258
85,Chris_Boswell,PIT,NYJ,8.26112213915,1.83433081656
86,Chris_Boswell,PIT,OAK,9.38926059387,1.12997101342
87,Chris_Boswell,PIT,PHI,7.16808964913,3.97913877722
88,Chris_Boswell,PIT,PIT,6.94784368969,0.612566714347
89,Chris_Boswell,PIT,SD,8.55345364869,1.74740887477
90,Chris_Boswell,PIT,SEA,8.94919449409,0.482762764965
91,Chris_Boswell,PIT,SF,7.22410548025,1.05107243342
92,Chris_Boswell,PIT,STL,8.68666398821,0.927453603157
93,Chris_Boswell,PIT,TB,9.68258143416,3.38899669044
94,Chris_Boswell,PIT,TEN,7.48069244623,2.14725251631
95,Chris_Boswell,PIT,WAS,7.73361296846,2.55182274127
96,Josh_Brown,NYG,ARI,6.13528640699,2.49096238252
97,Josh_Brown,NYG,ATL,6.74884127413,0.955040176208
98,Josh_Brown,NYG,BAL,8.55426441325,4.33625924443
99,Josh_Brown,NYG,BUF,4.53094448521,0.550009634698
100,Josh_Brown,NYG,CAR,6.01081475785,2.86509171064
101,Josh_Brown,NYG,CHI,7.18216705356,5.89243899094
102,Josh_Brown,NYG,CIN,5.80557276059,6.94891879423
103,Josh_Brown,NYG,CLE,8.19382320205,3.64777210785
104,Josh_Brown,NYG,DAL,8.3497143912,0.88319480951
105,Josh_Brown,NYG,DEN,4.26569594153,2.5327012578
106,Josh_Brown,NYG,DET,6.45118001283,3.78260961834
107,Josh_Brown,NYG,GB,6.10550341057,2.83491259895
108,Josh_Brown,NYG,HOU,4.9410691563,1.94430553853
109,Josh_Brown,NYG,IND,7.35767463714,2.40430526553
110,Josh_Brown,NYG,JAC,7.04960607717,2.52555059696
111,Josh_Brown,NYG,KC,3.56873796474,2.97478697033
112,Josh_Brown,NYG,MIA,6.35857522226,0.341612070391
113,Josh_Brown,NYG,MIN,4.45902475177,5.13932076555
114,Josh_Brown,NYG,NE,9.37281159904,6.29159958417
115,Josh_Brown,NYG,NO,5.88263588736,1.25472746029
116,Josh_Brown,NYG,NYG,7.92383296941,3.13317789521
117,Josh_Brown,NYG,NYJ,7.41890803753,0.267347240076
118,Josh_Brown,NYG,OAK,8.52256120449,3.99725884754
119,Josh_Brown,NYG,PHI,3.67043061117,6.14375613471
120,Josh_Brown,NYG,PIT,5.24899643231,2.70974591219
121,Josh_Brown,NYG,SD,8.29627026282,4.75137919989
122,Josh_Brown,NYG,SEA,4.66837033738,3.17572642266
123,Josh_Brown,NYG,SF,8.23320134798,4.22824780223
124,Josh_Brown,NYG,STL,6.78463666547,2.70768794993
125,Josh_Brown,NYG,TB,11.2713759888,4.40435860669
126,Josh_Brown,NYG,TEN,6.45097786424,2.16499914789
127,Josh_Brown,NYG,WAS,7.01905480959,0.613816353941
128,Matt_Bryant,ATL,ARI,4.97560222673,1.64761422808
129,Matt_Bryant,ATL,ATL,5.29941449391,0.555655239385
130,Matt_Bryant,ATL,BAL,4.75871534796,3.5535406893
131,Matt_Bryant,ATL,BUF,3.58299783612,1.97271389402
132,Matt_Bryant,ATL,CAR,5.10411384059,2.14726643737
133,Matt_Bryant,ATL,CHI,7.60492029086,4.35582206336
134,Matt_Bryant,ATL,CIN,2.92476133502,5.61897487384
135,Matt_Bryant,ATL,CLE,6.40470827726,3.80818334021
136,Matt_Bryant,ATL,DAL,5.89955236947,0.523768783513
137,Matt_Bryant,ATL,DEN,3.05884486834,2.36944746762
138,Matt_Bryant,ATL,DET,4.63523177601,3.4528740902
139,Matt_Bryant,ATL,GB,4.70138915829,2.46361309625
140,Matt_Bryant,ATL,HOU,5.01976168945,0.476530416824
141,Matt_Bryant,ATL,IND,3.70803506743,1.41871990868
142,Matt_Bryant,ATL,JAC,5.81541667663,1.72319302992
143,Matt_Bryant,ATL,KC,3.79176321429,1.53594392998
144,Matt_Bryant,ATL,MIA,5.0939320341,1.6556824996
145,Matt_Bryant,ATL,MIN,5.48294070337,6.17997896114
146,Matt_Bryant,ATL,NE,3.7741525178,2.67214784909
147,Matt_Bryant,ATL,NO,4.26541611279,1.85687167067
148,Matt_Bryant,ATL,NYG,5.93976931476,0.291766619336
149,Matt_Bryant,ATL,NYJ,5.42161103479,1.4728559604
150,Matt_Bryant,ATL,OAK,7.14032118583,5.19345218603
151,Matt_Bryant,ATL,PHI,9.38927287361,5.51539618899
152,Matt_Bryant,ATL,PIT,3.56197330191,3.0609099763
153,Matt_Bryant,ATL,SD,5.57757390663,4.44636678687
154,Matt_Bryant,ATL,SEA,4.20980555102,3.24999821445
155,Matt_Bryant,ATL,SF,6.33496813804,3.37456907002
156,Matt_Bryant,ATL,STL,4.21490014814,2.77265303907
157,Matt_Bryant,ATL,TB,7.61542810688,0.268857518719
158,Matt_Bryant,ATL,TEN,3.85512442799,0.480842124641
159,Matt_Bryant,ATL,WAS,5.82582681125,1.44676947556
160,Randy_Bullock,NYJ,ARI,5.19185686359,0.770427718991
161,Randy_Bullock,NYJ,ATL,5.1696431314,0.414783379835
162,Randy_Bullock,NYJ,BAL,6.74632320404,1.19117186216
163,Randy_Bullock,NYJ,BUF,5.08184934182,0.280066012853
164,Randy_Bullock,NYJ,CAR,4.90522453956,0.245234710647
165,Randy_Bullock,NYJ,CHI,5.79543506739,2.07770272063
166,Randy_Bullock,NYJ,CIN,5.32980426525,2.02831683747
167,Randy_Bullock,NYJ,CLE,6.41961292494,1.54769474311
168,Randy_Bullock,NYJ,DAL,5.93413647193,0.849300106606
169,Randy_Bullock,NYJ,DEN,3.42117186587,0.773023467292
170,Randy_Bullock,NYJ,DET,3.89218402663,1.34921652538
171,Randy_Bullock,NYJ,GB,4.15485313562,1.27966788145
172,Randy_Bullock,NYJ,HOU,5.04995304673,0.1827679506
173,Randy_Bullock,NYJ,IND,6.72236293621,0.63388840082
174,Randy_Bullock,NYJ,JAC,6.37969520795,1.08813346229
175,Randy_Bullock,NYJ,KC,3.33593371466,1.12362308092
176,Randy_Bullock,NYJ,MIA,6.19999349993,0.709642745581
177,Randy_Bullock,NYJ,MIN,6.15054177266,2.25345885339
178,Randy_Bullock,NYJ,NE,5.8324354438,1.03402506135
179,Randy_Bullock,NYJ,NO,6.63915701377,1.16445811576
180,Randy_Bullock,NYJ,NYG,8.52590676483,0.796628196095
181,Randy_Bullock,NYJ,NYJ,6.44428064734,0.987498234569
182,Randy_Bullock,NYJ,OAK,6.63404684559,1.77226422204
183,Randy_Bullock,NYJ,PHI,5.99056233436,1.05283292693
184,Randy_Bullock,NYJ,PIT,4.72821675929,0.927630432974
185,Randy_Bullock,NYJ,SD,7.75775716521,1.85777943961
186,Randy_Bullock,NYJ,SEA,6.96829644443,1.18445277805
187,Randy_Bullock,NYJ,SF,5.38516776292,1.04849804463
188,Randy_Bullock,NYJ,STL,5.68634463768,1.07056946535
189,Randy_Bullock,NYJ,TB,6.65142334882,0.427895033203
190,Randy_Bullock,NYJ,TEN,7.40054437591,1.00336245386
191,Randy_Bullock,NYJ,WAS,7.85896131141,2.25844253749
192,Dan_Carpenter,BUF,ARI,5.09457106167,0.693632694537
193,Dan_Carpenter,BUF,ATL,4.40125304305,0.432325565486
194,Dan_Carpenter,BUF,BAL,4.5701163838,1.82425537803
195,Dan_Carpenter,BUF,BUF,4.83742603778,1.3048497282
196,Dan_Carpenter,BUF,CAR,5.51516169322,1.3347334717
197,Dan_Carpenter,BUF,CHI,7.10105182775,2.00770321563
198,Dan_Carpenter,BUF,CIN,3.58130710756,1.0136841392
199,Dan_Carpenter,BUF,CLE,6.21777606567,2.43360491613
200,Dan_Carpenter,BUF,DAL,6.99453742599,0.814996428061
201,Dan_Carpenter,BUF,DEN,3.15782232872,0.690635084875
202,Dan_Carpenter,BUF,DET,4.31922838634,1.5664664593
203,Dan_Carpenter,BUF,GB,4.94767726028,2.11859972006
204,Dan_Carpenter,BUF,HOU,4.6602879123,0.281452677568
205,Dan_Carpenter,BUF,IND,5.69651578659,1.01665820915
206,Dan_Carpenter,BUF,JAC,7.80855490177,2.14073329209
207,Dan_Carpenter,BUF,KC,3.36916090305,0.449164628375
208,Dan_Carpenter,BUF,MIA,6.20856978833,1.1253597076
209,Dan_Carpenter,BUF,MIN,4.34446821692,3.41426967005
210,Dan_Carpenter,BUF,NE,3.90236622865,0.346580796544
211,Dan_Carpenter,BUF,NO,5.59867007976,2.20528572429
212,Dan_Carpenter,BUF,NYG,4.40278294786,0.797473028879
213,Dan_Carpenter,BUF,NYJ,7.2868213786,1.11937608593
214,Dan_Carpenter,BUF,OAK,5.62653066161,2.15489334722
215,Dan_Carpenter,BUF,PHI,6.54104036105,1.30676377657
216,Dan_Carpenter,BUF,PIT,3.18790527432,1.18910427166
217,Dan_Carpenter,BUF,SD,5.23497357665,3.31225198311
218,Dan_Carpenter,BUF,SEA,3.85253663204,2.31483849644
219,Dan_Carpenter,BUF,SF,4.90142604064,1.13587445117
220,Dan_Carpenter,BUF,STL,3.87732675312,1.18714587174
221,Dan_Carpenter,BUF,TB,6.99232706316,1.1303295081
222,Dan_Carpenter,BUF,TEN,4.04490761172,0.957056114159
223,Dan_Carpenter,BUF,WAS,5.82146453875,1.44987112057
224,Chandler_Catanzaro,ARI,ARI,7.780708555,0.599059900617
225,Chandler_Catanzaro,ARI,ATL,5.54823953496,0.636425022441
226,Chandler_Catanzaro,ARI,BAL,6.88723987696,0.301016299452
227,Chandler_Catanzaro,ARI,BUF,7.24303370874,1.80457326945
228,Chandler_Catanzaro,ARI,CAR,5.99680899742,1.72842205377
229,Chandler_Catanzaro,ARI,CHI,6.48999800331,0.27755111088
230,Chandler_Catanzaro,ARI,CIN,8.81913446496,1.51586774462
231,Chandler_Catanzaro,ARI,CLE,8.84600198285,0.752841985769
232,Chandler_Catanzaro,ARI,DAL,6.22710476016,1.52718631474
233,Chandler_Catanzaro,ARI,DEN,5.659400218,0.66130704794
234,Chandler_Catanzaro,ARI,DET,6.16096490911,0.35491231107
235,Chandler_Catanzaro,ARI,GB,4.27730878304,0.941245527125
236,Chandler_Catanzaro,ARI,HOU,6.32985421715,1.13913027601
237,Chandler_Catanzaro,ARI,IND,7.29161428413,1.84438221418
238,Chandler_Catanzaro,ARI,JAC,7.00625651326,2.19527118993
239,Chandler_Catanzaro,ARI,KC,5.10423857337,0.599603749826
240,Chandler_Catanzaro,ARI,MIA,6.34987454057,1.41289101441
241,Chandler_Catanzaro,ARI,MIN,9.64343300033,1.56865857391
242,Chandler_Catanzaro,ARI,NE,6.01464232986,1.80530285345
243,Chandler_Catanzaro,ARI,NO,7.5200135672,4.60288431633
244,Chandler_Catanzaro,ARI,NYG,8.92366496801,2.00128479521
245,Chandler_Catanzaro,ARI,NYJ,6.71973542319,1.70220641406
246,Chandler_Catanzaro,ARI,OAK,8.28011824899,1.16492526128
247,Chandler_Catanzaro,ARI,PHI,6.29228974379,5.23272672999
248,Chandler_Catanzaro,ARI,PIT,6.84455160897,0.377073859397
249,Chandler_Catanzaro,ARI,SD,8.36852823326,1.31353577035
250,Chandler_Catanzaro,ARI,SEA,9.76389838404,3.0178704032
251,Chandler_Catanzaro,ARI,SF,6.65733043932,0.647651314654
252,Chandler_Catanzaro,ARI,STL,8.93222323549,1.21583957603
253,Chandler_Catanzaro,ARI,TB,7.72981302245,1.81455765912
254,Chandler_Catanzaro,ARI,TEN,6.85929903219,2.17018884672
255,Chandler_Catanzaro,ARI,WAS,6.92996891695,2.98434985928
256,Travis_Coons,CLE,ARI,3.44554274424,0.339066847514
257,Travis_Coons,CLE,ATL,4.57992926704,0.42021974608
258,Travis_Coons,CLE,BAL,8.148445294,1.42468839372
259,Travis_Coons,CLE,BUF,2.34709528957,0.960545866814
260,Travis_Coons,CLE,CAR,3.04578626857,1.63804868451
261,Travis_Coons,CLE,CHI,5.02838077269,1.45264428608
262,Travis_Coons,CLE,CIN,3.38730173671,0.229610646183
263,Travis_Coons,CLE,CLE,5.02909043842,0.734693265509
264,Travis_Coons,CLE,DAL,4.61315832711,1.86673118879
265,Travis_Coons,CLE,DEN,3.10259117645,0.432015400564
266,Travis_Coons,CLE,DET,4.90635139743,0.76477316103
267,Travis_Coons,CLE,GB,3.23161538184,1.01601252767
268,Travis_Coons,CLE,HOU,2.29800755545,1.04741795313
269,Travis_Coons,CLE,IND,4.02330713876,0.937364491044
270,Travis_Coons,CLE,JAC,3.33832393069,2.22270081539
271,Travis_Coons,CLE,KC,2.72592362639,0.515633053866
272,Travis_Coons,CLE,MIA,5.26632957712,0.858783703628
273,Travis_Coons,CLE,MIN,3.55580477178,1.19257083188
274,Travis_Coons,CLE,NE,4.72102036329,1.73812095763
275,Travis_Coons,CLE,NO,3.1742018213,4.0299140857
276,Travis_Coons,CLE,NYG,5.78517303603,2.02073706263
277,Travis_Coons,CLE,NYJ,5.64648009878,1.19840951546
278,Travis_Coons,CLE,OAK,7.25140684822,0.904301498942
279,Travis_Coons,CLE,PHI,3.66578434277,4.57305121121
280,Travis_Coons,CLE,PIT,4.17949137322,0.477948051539
281,Travis_Coons,CLE,SD,9.48548400944,2.34514903734
282,Travis_Coons,CLE,SEA,3.74567937156,0.562974617013
283,Travis_Coons,CLE,SF,4.81933848171,0.224220316151
284,Travis_Coons,CLE,STL,5.27302842179,0.190592652448
285,Travis_Coons,CLE,TB,5.80515814621,1.49383525851
286,Travis_Coons,CLE,TEN,4.33682922906,0.275000390727
287,Travis_Coons,CLE,WAS,4.96415909163,2.44338966573
288,Mason_Crosby,GB,ARI,6.33074724643,1.00150617457
289,Mason_Crosby,GB,ATL,4.33306315307,0.704580160079
290,Mason_Crosby,GB,BAL,4.50631741203,1.73899574544
291,Mason_Crosby,GB,BUF,5.382298451,2.18076763922
292,Mason_Crosby,GB,CAR,4.28813715904,1.88386198858
293,Mason_Crosby,GB,CHI,6.48739855336,0.320316267917
294,Mason_Crosby,GB,CIN,5.23695189019,1.70662632913
295,Mason_Crosby,GB,CLE,6.36144559846,1.9149560512
296,Mason_Crosby,GB,DAL,4.03849399803,0.897657631956
297,Mason_Crosby,GB,DEN,3.87281164587,0.221187286019
298,Mason_Crosby,GB,DET,3.37599978795,0.426903249086
299,Mason_Crosby,GB,GB,2.55969138695,2.08383908645
300,Mason_Crosby,GB,HOU,5.14721298346,1.66228423126
301,Mason_Crosby,GB,IND,5.84728767039,2.79185685635
302,Mason_Crosby,GB,JAC,5.21741670904,2.85351759556
303,Mason_Crosby,GB,KC,5.46969713556,1.55553918026
304,Mason_Crosby,GB,MIA,5.5137343709,1.5787478211
305,Mason_Crosby,GB,MIN,11.8039833816,4.53443109804
306,Mason_Crosby,GB,NE,4.26097114169,3.41090562385
307,Mason_Crosby,GB,NO,6.68398725689,5.18785964719
308,Mason_Crosby,GB,NYG,7.54470097666,3.27242436834
309,Mason_Crosby,GB,NYJ,5.21958007213,2.19115200533
310,Mason_Crosby,GB,OAK,7.63521697418,2.29575330453
311,Mason_Crosby,GB,PHI,7.14691316415,7.29534032114
312,Mason_Crosby,GB,PIT,5.30132621847,1.11616092683
313,Mason_Crosby,GB,SD,7.50333543573,2.45965323227
314,Mason_Crosby,GB,SEA,10.3790572125,2.9134429914
315,Mason_Crosby,GB,SF,4.72641619612,0.520913304355
316,Mason_Crosby,GB,STL,6.50251801452,0.340373757842
317,Mason_Crosby,GB,TB,4.72741909756,1.43442935656
318,Mason_Crosby,GB,TEN,6.06903034674,3.44793449348
319,Mason_Crosby,GB,WAS,6.89270941334,2.77205113998
320,Phil_Dawson,SF,ARI,3.48220391317,0.259476964862
321,Phil_Dawson,SF,ATL,4.36699125836,0.438914530395
322,Phil_Dawson,SF,BAL,8.04326501962,4.69818759501
323,Phil_Dawson,SF,BUF,3.17444195212,1.08917737808
324,Phil_Dawson,SF,CAR,2.84863613209,1.21967047685
325,Phil_Dawson,SF,CHI,3.44970594721,1.22457100108
326,Phil_Dawson,SF,CIN,4.32468013164,1.14453809223
327,Phil_Dawson,SF,CLE,4.98117567477,0.459274581107
328,Phil_Dawson,SF,DAL,4.60721803039,1.81424386584
329,Phil_Dawson,SF,DEN,2.82349375533,0.639539461744
330,Phil_Dawson,SF,DET,3.98686401411,1.00069859486
331,Phil_Dawson,SF,GB,2.99090123582,0.357628327883
332,Phil_Dawson,SF,HOU,2.83432956231,0.975945047402
333,Phil_Dawson,SF,IND,4.45141853363,1.08085147301
334,Phil_Dawson,SF,JAC,3.62434028885,2.09747002079
335,Phil_Dawson,SF,KC,2.17260676236,0.689617205934
336,Phil_Dawson,SF,MIA,4.86350613678,1.32400346621
337,Phil_Dawson,SF,MIN,3.35471171642,1.36857413534
338,Phil_Dawson,SF,NE,5.11603565017,2.73168292674
339,Phil_Dawson,SF,NO,4.19410134877,3.59004482689
340,Phil_Dawson,SF,NYG,6.87307278889,2.04705208849
341,Phil_Dawson,SF,NYJ,5.26667958773,1.73362246863
342,Phil_Dawson,SF,OAK,6.06518707638,2.42452946745
343,Phil_Dawson,SF,PHI,3.36023468997,3.19225742699
344,Phil_Dawson,SF,PIT,4.27359343432,0.383220297183
345,Phil_Dawson,SF,SD,8.22564283686,4.49662311539
346,Phil_Dawson,SF,SEA,4.64191832084,0.312400677388
347,Phil_Dawson,SF,SF,4.68508135159,0.91896896552
348,Phil_Dawson,SF,STL,5.36352463542,0.372421456829
349,Phil_Dawson,SF,TB,5.50086683054,1.51908412342
350,Phil_Dawson,SF,TEN,4.985343653,0.780262461195
351,Phil_Dawson,SF,WAS,5.47598851692,2.79710950007
352,Nick_Folk,NYJ,ARI,4.88145130946,0.856960497273
353,Nick_Folk,NYJ,ATL,5.31973667242,0.398243423041
354,Nick_Folk,NYJ,BAL,6.98323154655,2.10809324987
355,Nick_Folk,NYJ,BUF,4.14249980052,0.514792709342
356,Nick_Folk,NYJ,CAR,4.69688190445,0.676651451271
357,Nick_Folk,NYJ,CHI,6.29611170136,1.52534393391
358,Nick_Folk,NYJ,CIN,4.26318219647,2.23278564502
359,Nick_Folk,NYJ,CLE,6.64976140488,1.25468352427
360,Nick_Folk,NYJ,DAL,6.65899059077,0.783423910382
361,Nick_Folk,NYJ,DEN,2.95792837814,0.8367552867
362,Nick_Folk,NYJ,DET,4.25310961346,1.33006016123
363,Nick_Folk,NYJ,GB,4.91864163704,1.00862233118
364,Nick_Folk,NYJ,HOU,4.21888724192,0.493658057361
365,Nick_Folk,NYJ,IND,6.53301609871,0.319000540475
366,Nick_Folk,NYJ,JAC,6.29806277918,1.04575836703
367,Nick_Folk,NYJ,KC,3.16445355205,0.837349076841
368,Nick_Folk,NYJ,MIA,6.25987919756,0.415037002757
369,Nick_Folk,NYJ,MIN,5.0028673988,1.92525675351
370,Nick_Folk,NYJ,NE,7.00451327839,1.91160831488
371,Nick_Folk,NYJ,NO,5.7571296584,0.706987721706
372,Nick_Folk,NYJ,NYG,7.00055148219,1.37273485747
373,Nick_Folk,NYJ,NYJ,6.8737322431,0.546696713324
374,Nick_Folk,NYJ,OAK,7.16430640672,0.726873040701
375,Nick_Folk,NYJ,PHI,5.05496800097,0.402145587006
376,Nick_Folk,NYJ,PIT,4.34737630978,0.870605890388
377,Nick_Folk,NYJ,SD,7.62545813533,2.12482305141
378,Nick_Folk,NYJ,SEA,5.32876855569,1.62106072773
379,Nick_Folk,NYJ,SF,5.90456848991,1.70923517087
380,Nick_Folk,NYJ,STL,5.14959332857,1.19027288766
381,Nick_Folk,NYJ,TB,7.6690347972,1.43370843753
382,Nick_Folk,NYJ,TEN,6.19844869412,0.654628337591
383,Nick_Folk,NYJ,WAS,7.55692699661,0.996220806139
384,Kai_Forbath,NO,ARI,3.88790208434,0.60747080096
385,Kai_Forbath,NO,ATL,3.3903553759,0.473119676371
386,Kai_Forbath,NO,BAL,3.72441979663,2.01223486808
387,Kai_Forbath,NO,BUF,3.48518155036,0.789112416817
388,Kai_Forbath,NO,CAR,3.55954821531,0.506468878998
389,Kai_Forbath,NO,CHI,3.67653281554,1.51645288964
390,Kai_Forbath,NO,CIN,4.15897571508,2.5182076527
391,Kai_Forbath,NO,CLE,3.99449237001,1.12333552154
392,Kai_Forbath,NO,DAL,3.31054186823,0.46780171981
393,Kai_Forbath,NO,DEN,3.05820443648,0.892154167436
394,Kai_Forbath,NO,DET,3.41477181631,1.12451842377
395,Kai_Forbath,NO,GB,2.21576047512,0.774153307853
396,Kai_Forbath,NO,HOU,3.88299584974,0.512505905591
397,Kai_Forbath,NO,IND,3.47731044249,0.195861905537
398,Kai_Forbath,NO,JAC,3.76171341535,0.531490382904
399,Kai_Forbath,NO,KC,2.47168892615,0.755887974641
400,Kai_Forbath,NO,MIA,3.13200063076,0.632519380305
401,Kai_Forbath,NO,MIN,3.87770898539,2.26687540645
402,Kai_Forbath,NO,NE,3.34424915162,1.0356660611
403,Kai_Forbath,NO,NO,3.46001430335,0.839876010801
404,Kai_Forbath,NO,NYG,5.68329300881,1.90368074434
405,Kai_Forbath,NO,NYJ,3.14714939022,0.542500187878
406,Kai_Forbath,NO,OAK,4.15677921232,1.88808647656
407,Kai_Forbath,NO,PHI,3.69657079009,1.13165588032
408,Kai_Forbath,NO,PIT,3.17452659269,1.08175602405
409,Kai_Forbath,NO,SD,4.03005149481,2.78594919708
410,Kai_Forbath,NO,SEA,3.93607453044,1.67845917275
411,Kai_Forbath,NO,SF,3.7317714663,0.73402232758
412,Kai_Forbath,NO,STL,4.15629638433,1.35416613816
413,Kai_Forbath,NO,TB,5.08132086261,0.425520460934
414,Kai_Forbath,NO,TEN,3.63319830269,0.438080878101
415,Kai_Forbath,NO,WAS,3.42392936276,0.939650004599
416,Andrew_Franks,MIA,ARI,4.6891183007,1.00251992421
417,Andrew_Franks,MIA,ATL,3.29355760435,0.52351066482
418,Andrew_Franks,MIA,BAL,2.01337148399,0.802313101136
419,Andrew_Franks,MIA,BUF,4.62819720756,0.213419023681
420,Andrew_Franks,MIA,CAR,4.63741570577,1.02992759526
421,Andrew_Franks,MIA,CHI,4.71218749722,2.43400795045
422,Andrew_Franks,MIA,CIN,4.54593424472,2.88371685973
423,Andrew_Franks,MIA,CLE,4.22202665607,1.51343102543
424,Andrew_Franks,MIA,DAL,3.50693833598,0.600278921652
425,Andrew_Franks,MIA,DEN,3.13691957896,1.47398173223
426,Andrew_Franks,MIA,DET,2.67301022734,2.10027864818
427,Andrew_Franks,MIA,GB,2.33331652108,1.13647229184
428,Andrew_Franks,MIA,HOU,5.24837113172,0.646144851808
429,Andrew_Franks,MIA,IND,4.72250037757,0.78884641298
430,Andrew_Franks,MIA,JAC,5.62744382016,0.572536975039
431,Andrew_Franks,MIA,KC,3.1249952197,1.24853422278
432,Andrew_Franks,MIA,MIA,3.60731650091,0.601739701914
433,Andrew_Franks,MIA,MIN,5.59412701405,3.17157396467
434,Andrew_Franks,MIA,NE,2.89583303189,1.40776522494
435,Andrew_Franks,MIA,NO,4.96864152148,1.88615310764
436,Andrew_Franks,MIA,NYG,5.71275323418,0.378394971927
437,Andrew_Franks,MIA,NYJ,3.4769474796,0.576873904982
438,Andrew_Franks,MIA,OAK,3.5838554839,2.19588060292
439,Andrew_Franks,MIA,PHI,5.82930192477,3.39182350302
440,Andrew_Franks,MIA,PIT,2.91633863636,1.04781216024
441,Andrew_Franks,MIA,SD,2.79663584883,1.87335672924
442,Andrew_Franks,MIA,SEA,5.48345036914,1.65262947359
443,Andrew_Franks,MIA,SF,3.43413471022,1.04175462826
444,Andrew_Franks,MIA,STL,3.79641635398,1.3399817461
445,Andrew_Franks,MIA,TB,4.62871695493,1.72527919016
446,Andrew_Franks,MIA,TEN,5.04174323574,1.05352385101
447,Andrew_Franks,MIA,WAS,5.04509839499,1.85518638538
448,Graham_Gano,CAR,ARI,6.41389650378,1.45083774224
449,Graham_Gano,CAR,ATL,7.48958334384,0.280201388048
450,Graham_Gano,CAR,BAL,8.96425363085,2.87884242695
451,Graham_Gano,CAR,BUF,5.68627627807,1.80891873004
452,Graham_Gano,CAR,CAR,7.13951254111,1.82905264572
453,Graham_Gano,CAR,CHI,9.49141461241,2.92173336509
454,Graham_Gano,CAR,CIN,4.70133491863,2.71107510303
455,Graham_Gano,CAR,CLE,10.0873571938,3.64861917967
456,Graham_Gano,CAR,DAL,10.9988272799,1.68172741436
457,Graham_Gano,CAR,DEN,3.458368759,1.42448719575
458,Graham_Gano,CAR,DET,5.8765707686,2.49980041364
459,Graham_Gano,CAR,GB,9.02883417671,3.46083428751
460,Graham_Gano,CAR,HOU,5.75810565857,0.394405778003
461,Graham_Gano,CAR,IND,9.0054006174,1.78030763409
462,Graham_Gano,CAR,JAC,9.83930416817,1.83743615575
463,Graham_Gano,CAR,KC,3.60989573271,0.877948322493
464,Graham_Gano,CAR,MIA,8.40696043442,1.88185297547
465,Graham_Gano,CAR,MIN,4.91505385191,2.87581225746
466,Graham_Gano,CAR,NE,8.27095627804,2.17830435763
467,Graham_Gano,CAR,NO,7.93771586773,1.54071551573
468,Graham_Gano,CAR,NYG,8.41115512712,1.6424882126
469,Graham_Gano,CAR,NYJ,10.0995693544,1.56869955711
470,Graham_Gano,CAR,OAK,9.37690185489,2.21234658376
471,Graham_Gano,CAR,PHI,8.31379254715,0.936254990731
472,Graham_Gano,CAR,PIT,5.09668128236,1.69623895779
473,Graham_Gano,CAR,SD,8.94827117491,4.7373866647
474,Graham_Gano,CAR,SEA,4.9640484084,2.77131424737
475,Graham_Gano,CAR,SF,8.23658103659,3.22071228694
476,Graham_Gano,CAR,STL,5.65229284756,2.17046550798
477,Graham_Gano,CAR,TB,11.6684905337,1.09403273811
478,Graham_Gano,CAR,TEN,7.94398756182,1.36449317579
479,Graham_Gano,CAR,WAS,10.2813418428,5.81456179025
480,Stephen_Gostkowski,NE,ARI,8.1827731321,1.22952035883
481,Stephen_Gostkowski,NE,ATL,6.34269322043,0.642179085621
482,Stephen_Gostkowski,NE,BAL,7.50813440118,2.28225032355
483,Stephen_Gostkowski,NE,BUF,9.06540372105,2.1965667832
484,Stephen_Gostkowski,NE,CAR,8.38203974053,2.54000035451
485,Stephen_Gostkowski,NE,CHI,8.27298681544,3.54191785712
486,Stephen_Gostkowski,NE,CIN,8.68435143489,3.19796396297
487,Stephen_Gostkowski,NE,CLE,9.52594441961,2.67584537967
488,Stephen_Gostkowski,NE,DAL,10.184986902,1.16851393482
489,Stephen_Gostkowski,NE,DEN,5.82020112096,0.436555422058
490,Stephen_Gostkowski,NE,DET,6.51198480578,1.57717997741
491,Stephen_Gostkowski,NE,GB,6.61084322957,1.9369144041
492,Stephen_Gostkowski,NE,HOU,7.59274743334,0.846440655119
493,Stephen_Gostkowski,NE,IND,9.88282314724,0.461151627843
494,Stephen_Gostkowski,NE,JAC,11.4561387014,3.45886373928
495,Stephen_Gostkowski,NE,KC,4.5310377071,1.21493422227
496,Stephen_Gostkowski,NE,MIA,8.57036308998,0.703167527284
497,Stephen_Gostkowski,NE,MIN,6.5111763262,3.59542334121
498,Stephen_Gostkowski,NE,NE,7.26727925093,1.40457778451
499,Stephen_Gostkowski,NE,NO,9.5203665827,2.94285511654
500,Stephen_Gostkowski,NE,NYG,8.61309736878,0.505180462106
501,Stephen_Gostkowski,NE,NYJ,10.1492467041,0.816325794519
502,Stephen_Gostkowski,NE,OAK,7.34607661895,2.16053735301
503,Stephen_Gostkowski,NE,PHI,6.39362611006,3.93714837804
504,Stephen_Gostkowski,NE,PIT,6.03967155427,1.37074339956
505,Stephen_Gostkowski,NE,SD,7.82989291289,4.36570276096
506,Stephen_Gostkowski,NE,SEA,7.32982577458,3.07451846245
507,Stephen_Gostkowski,NE,SF,7.17687470327,1.96990409988
508,Stephen_Gostkowski,NE,STL,7.57581396515,1.92622261604
509,Stephen_Gostkowski,NE,TB,10.4267527908,2.04671669334
510,Stephen_Gostkowski,NE,TEN,7.660548269,1.16336347641
511,Stephen_Gostkowski,NE,WAS,8.59581659286,0.773559188548
512,Robbie_Gould,CHI,ARI,8.92743930976,0.868133940522
513,Robbie_Gould,CHI,ATL,5.91931791276,1.04013617736
514,Robbie_Gould,CHI,BAL,7.05988991326,1.8127455775
515,Robbie_Gould,CHI,BUF,6.52656464798,2.31943694281
516,Robbie_Gould,CHI,CAR,7.37180217303,4.01486306811
517,Robbie_Gould,CHI,CHI,8.26640663685,1.83133090007
518,Robbie_Gould,CHI,CIN,9.61267526554,3.62897787929
519,Robbie_Gould,CHI,CLE,8.58230285483,1.18053761514
520,Robbie_Gould,CHI,DAL,6.09013140918,2.04829908086
521,Robbie_Gould,CHI,DEN,7.77164892947,0.472797227836
522,Robbie_Gould,CHI,DET,10.2376611055,1.97036385513
523,Robbie_Gould,CHI,GB,4.33146319193,0.476413564826
524,Robbie_Gould,CHI,HOU,6.18866155235,1.91061013849
525,Robbie_Gould,CHI,IND,6.42011761188,3.15980581091
526,Robbie_Gould,CHI,JAC,6.87651105078,2.11891233117
527,Robbie_Gould,CHI,KC,5.97257914275,0.668600872931
528,Robbie_Gould,CHI,MIA,6.04693668385,2.13417906988
529,Robbie_Gould,CHI,MIN,6.91575979458,0.314825597555
530,Robbie_Gould,CHI,NE,5.1456126085,3.48601085944
531,Robbie_Gould,CHI,NO,4.29644158596,7.12114308068
532,Robbie_Gould,CHI,NYG,7.21999863358,3.70759896705
533,Robbie_Gould,CHI,NYJ,6.55306936904,1.90529635869
534,Robbie_Gould,CHI,OAK,9.12939291987,0.622555552623
535,Robbie_Gould,CHI,PHI,4.7777686526,8.57283856028
536,Robbie_Gould,CHI,PIT,6.99642462056,1.51840641384
537,Robbie_Gould,CHI,SD,8.27100129988,2.0654491446
538,Robbie_Gould,CHI,SEA,5.82067155879,1.84514458782
539,Robbie_Gould,CHI,SF,6.60888542122,0.719090848116
540,Robbie_Gould,CHI,STL,9.48376078996,2.57551187476
541,Robbie_Gould,CHI,TB,9.60888473843,4.96988341104
542,Robbie_Gould,CHI,TEN,4.95760884465,2.78301052591
543,Robbie_Gould,CHI,WAS,3.75483525932,4.35299177936
544,Shayne_Graham,ATL,ARI,4.8940729491,2.2240287032
545,Shayne_Graham,ATL,ATL,4.66281591936,1.74127617377
546,Shayne_Graham,ATL,BAL,4.98027960371,3.04353017179
547,Shayne_Graham,ATL,BUF,3.51356852406,1.42789412157
548,Shayne_Graham,ATL,CAR,5.08767702295,3.55052289899
549,Shayne_Graham,ATL,CHI,6.01275289587,4.05945647341
550,Shayne_Graham,ATL,CIN,4.08629496557,3.37699559078
551,Shayne_Graham,ATL,CLE,5.6868742039,3.7924257294
552,Shayne_Graham,ATL,DAL,5.6092090303,2.7436543037
553,Shayne_Graham,ATL,DEN,3.5762182771,1.83626070687
554,Shayne_Graham,ATL,DET,5.06790002605,3.17496987691
555,Shayne_Graham,ATL,GB,4.32265510684,2.69177517488
556,Shayne_Graham,ATL,HOU,4.19739866776,1.69831110828
557,Shayne_Graham,ATL,IND,4.85846810885,2.20619957841
558,Shayne_Graham,ATL,JAC,5.60139352934,3.11756277867
559,Shayne_Graham,ATL,KC,3.1019988641,1.09214574228
560,Shayne_Graham,ATL,MIA,4.56317292688,1.79048069816
561,Shayne_Graham,ATL,MIN,3.65437183063,0.870476875325
562,Shayne_Graham,ATL,NE,4.90430941603,2.99073413508
563,Shayne_Graham,ATL,NO,3.51641180834,1.06211303084
564,Shayne_Graham,ATL,NYG,5.22850560739,2.41311464913
565,Shayne_Graham,ATL,NYJ,5.15457470031,2.234906064
566,Shayne_Graham,ATL,OAK,5.91954832188,3.22708136679
567,Shayne_Graham,ATL,PHI,4.32210502146,2.57455214198
568,Shayne_Graham,ATL,PIT,3.36253095641,1.35914919659
569,Shayne_Graham,ATL,SD,5.07439004996,3.03893685569
570,Shayne_Graham,ATL,SEA,3.00900366271,1.11545138126
571,Shayne_Graham,ATL,SF,5.30509208812,3.2937802202
572,Shayne_Graham,ATL,STL,4.57327343976,2.24877588294
573,Shayne_Graham,ATL,TB,8.31211310562,5.77950383424
574,Shayne_Graham,ATL,TEN,4.0221153136,1.41138506058
575,Shayne_Graham,ATL,WAS,4.57600034576,2.15803970343
576,Steve_Hauschka,SEA,ARI,7.44169487298,0.373672864615
577,Steve_Hauschka,SEA,ATL,5.63476247756,0.71119918426
578,Steve_Hauschka,SEA,BAL,4.86389603715,0.309066060278
579,Steve_Hauschka,SEA,BUF,5.18523486408,1.284070947
580,Steve_Hauschka,SEA,CAR,7.99552653449,3.89260503787
581,Steve_Hauschka,SEA,CHI,10.1772340618,2.91537759277
582,Steve_Hauschka,SEA,CIN,5.34396354081,0.423202197535
583,Steve_Hauschka,SEA,CLE,6.97572834008,0.639165417267
584,Steve_Hauschka,SEA,DAL,6.31837178708,0.281105381579
585,Steve_Hauschka,SEA,DEN,5.04977811579,0.746498351749
586,Steve_Hauschka,SEA,DET,6.62476996198,0.594648282935
587,Steve_Hauschka,SEA,GB,4.73603320794,0.30167337068
588,Steve_Hauschka,SEA,HOU,6.08701693465,1.5036278558
589,Steve_Hauschka,SEA,IND,6.29348647478,1.75054097681
590,Steve_Hauschka,SEA,JAC,7.63139243561,2.17539815607
591,Steve_Hauschka,SEA,KC,5.47548807881,0.797574535137
592,Steve_Hauschka,SEA,MIA,5.98634419495,1.56410411419
593,Steve_Hauschka,SEA,MIN,7.13545507722,0.417147456305
594,Steve_Hauschka,SEA,NE,4.80997153552,2.2946714335
595,Steve_Hauschka,SEA,NO,4.64755953948,1.6717893982
596,Steve_Hauschka,SEA,NYG,6.42025184956,2.0840266085
597,Steve_Hauschka,SEA,NYJ,6.49723185711,1.15539972707
598,Steve_Hauschka,SEA,OAK,7.92615919241,1.5326550013
599,Steve_Hauschka,SEA,PHI,6.98502958023,3.74928505612
600,Steve_Hauschka,SEA,PIT,4.0718576597,0.378189279844
601,Steve_Hauschka,SEA,SD,6.0752968285,1.80885912142
602,Steve_Hauschka,SEA,SEA,5.2374724602,1.06028785735
603,Steve_Hauschka,SEA,SF,6.10194225681,0.758575026489
604,Steve_Hauschka,SEA,STL,5.8135974555,0.595318183209
605,Steve_Hauschka,SEA,TB,8.85041679954,2.36205156347
606,Steve_Hauschka,SEA,TEN,5.19805396429,1.74101620807
607,Steve_Hauschka,SEA,WAS,5.97947285026,2.69216818238
608,Zach_Hocker,STL,ARI,2.97957805622,0.0881479369918
609,Zach_Hocker,STL,ATL,3.34384235985,0.171166378987
610,Zach_Hocker,STL,BAL,3.68254840244,0.708954797805
611,Zach_Hocker,STL,BUF,2.60394294123,0.537075585275
612,Zach_Hocker,STL,CAR,3.34041761617,0.207899733859
613,Zach_Hocker,STL,CHI,4.44875026248,0.601260730795
614,Zach_Hocker,STL,CIN,1.85647867963,0.351395405896
615,Zach_Hocker,STL,CLE,4.12664873043,0.701346052086
616,Zach_Hocker,STL,DAL,4.61557652237,0.54800404007
617,Zach_Hocker,STL,DEN,1.73099480493,0.258750664897
618,Zach_Hocker,STL,DET,2.64670480446,0.346008956827
619,Zach_Hocker,STL,GB,3.40995155753,0.804074224407
620,Zach_Hocker,STL,HOU,2.76970664393,0.168461245471
621,Zach_Hocker,STL,IND,3.56254548126,0.394015226319
622,Zach_Hocker,STL,JAC,4.23681730248,0.571571397768
623,Zach_Hocker,STL,KC,1.9678948136,0.159337412345
624,Zach_Hocker,STL,MIA,3.65410609994,0.405825716585
625,Zach_Hocker,STL,MIN,2.70758010813,0.457047462142
626,Zach_Hocker,STL,NE,3.24005580831,0.594723911293
627,Zach_Hocker,STL,NO,3.62536128529,0.711037622771
628,Zach_Hocker,STL,NYG,3.72653668087,0.406815511179
629,Zach_Hocker,STL,NYJ,4.27387261639,0.471954411763
630,Zach_Hocker,STL,OAK,4.20843035236,0.60244335895
631,Zach_Hocker,STL,PHI,4.27514578078,0.27733011385
632,Zach_Hocker,STL,PIT,2.1915537986,0.341526323487
633,Zach_Hocker,STL,SD,3.90909633957,0.838113520407
634,Zach_Hocker,STL,SEA,2.46823506312,0.529038901516
635,Zach_Hocker,STL,SF,3.67274954321,0.674054823117
636,Zach_Hocker,STL,STL,2.59739850517,0.341844627628
637,Zach_Hocker,STL,TB,4.8704304804,0.422556601628
638,Zach_Hocker,STL,TEN,3.13880706675,0.348951659578
639,Zach_Hocker,STL,WAS,4.14880506255,0.734632349938
640,Dustin_Hopkins,WAS,ARI,5.02464859805,2.70238008749
641,Dustin_Hopkins,WAS,ATL,4.98986088088,0.326401928317
642,Dustin_Hopkins,WAS,BAL,5.66754428751,4.67462216979
643,Dustin_Hopkins,WAS,BUF,6.42588477502,5.3215845785
644,Dustin_Hopkins,WAS,CAR,3.79872500264,1.29528085515
645,Dustin_Hopkins,WAS,CHI,5.73831747957,1.12881837711
646,Dustin_Hopkins,WAS,CIN,4.6542703954,7.31104065114
647,Dustin_Hopkins,WAS,CLE,7.32856565147,5.12805052622
648,Dustin_Hopkins,WAS,DAL,8.0754261861,0.604426572092
649,Dustin_Hopkins,WAS,DEN,2.5488789311,3.35726801707
650,Dustin_Hopkins,WAS,DET,2.65683245627,4.93492580236
651,Dustin_Hopkins,WAS,GB,5.16661966674,3.16895061954
652,Dustin_Hopkins,WAS,HOU,5.20415079439,1.80441367161
653,Dustin_Hopkins,WAS,IND,7.00259849395,2.00661714551
654,Dustin_Hopkins,WAS,JAC,7.52538106945,2.35679508797
655,Dustin_Hopkins,WAS,KC,2.96138523879,2.08718768442
656,Dustin_Hopkins,WAS,MIA,6.09641798054,1.59266099263
657,Dustin_Hopkins,WAS,MIN,6.09652579595,9.13582223246
658,Dustin_Hopkins,WAS,NE,4.93900187025,0.929306481762
659,Dustin_Hopkins,WAS,NO,11.3992238476,8.25504457466
660,Dustin_Hopkins,WAS,NYG,7.15143489141,0.491121460304
661,Dustin_Hopkins,WAS,NYJ,7.58660606384,0.564195850287
662,Dustin_Hopkins,WAS,OAK,6.033460839,3.95446325786
663,Dustin_Hopkins,WAS,PHI,8.77358936647,2.80555461513
664,Dustin_Hopkins,WAS,PIT,4.7940551712,3.69096316101
665,Dustin_Hopkins,WAS,SD,6.59156835601,7.51765908231
666,Dustin_Hopkins,WAS,SEA,7.13976967322,5.2528290127
667,Dustin_Hopkins,WAS,SF,5.49546443668,1.63344829619
668,Dustin_Hopkins,WAS,STL,4.80306660675,4.4632481323
669,Dustin_Hopkins,WAS,TB,6.14201700301,0.991364254847
670,Dustin_Hopkins,WAS,TEN,6.27112426417,2.06178007256
671,Dustin_Hopkins,WAS,WAS,7.80742219417,2.62861750336
672,Sebastian_Janikowski,OAK,ARI,4.19977286821,0.43406770556
673,Sebastian_Janikowski,OAK,ATL,5.65286715773,0.719691945723
674,Sebastian_Janikowski,OAK,BAL,9.71919604157,3.0090469467
675,Sebastian_Janikowski,OAK,BUF,3.39277123325,1.05857312593
676,Sebastian_Janikowski,OAK,CAR,3.92935256525,1.4659196208
677,Sebastian_Janikowski,OAK,CHI,6.6027105529,1.21647808156
678,Sebastian_Janikowski,OAK,CIN,3.84588651746,1.00838990166
679,Sebastian_Janikowski,OAK,CLE,7.61529523809,0.819346519936
680,Sebastian_Janikowski,OAK,DAL,7.21238257188,1.63978486384
681,Sebastian_Janikowski,OAK,DEN,2.64823262156,0.504124517891
682,Sebastian_Janikowski,OAK,DET,5.58384935076,1.26025320877
683,Sebastian_Janikowski,OAK,GB,5.85400640843,1.19614260244
684,Sebastian_Janikowski,OAK,HOU,2.98051297174,0.877357524248
685,Sebastian_Janikowski,OAK,IND,5.66013356453,0.858650317835
686,Sebastian_Janikowski,OAK,JAC,5.39883671544,1.99178777115
687,Sebastian_Janikowski,OAK,KC,2.40996648069,0.361133246821
688,Sebastian_Janikowski,OAK,MIA,6.69642006951,1.17156049501
689,Sebastian_Janikowski,OAK,MIN,2.99432933087,0.954879550378
690,Sebastian_Janikowski,OAK,NE,6.32877323304,2.32161134479
691,Sebastian_Janikowski,OAK,NO,4.99385564121,3.77117563115
692,Sebastian_Janikowski,OAK,NYG,6.66843874346,2.27799103125
693,Sebastian_Janikowski,OAK,NYJ,7.91781929631,0.872885358864
694,Sebastian_Janikowski,OAK,OAK,8.46490222998,1.19986907151
695,Sebastian_Janikowski,OAK,PHI,5.04482282279,4.7075691803
696,Sebastian_Janikowski,OAK,PIT,5.0603464606,0.368305272805
697,Sebastian_Janikowski,OAK,SD,10.3288124995,3.80927236134
698,Sebastian_Janikowski,OAK,SEA,3.98155735677,0.996239417853
699,Sebastian_Janikowski,OAK,SF,6.25231644955,1.1160904275
700,Sebastian_Janikowski,OAK,STL,5.54176265851,0.631577274719
701,Sebastian_Janikowski,OAK,TB,7.7308782222,1.61636766966
702,Sebastian_Janikowski,OAK,TEN,5.66644594455,0.395880709531
703,Sebastian_Janikowski,OAK,WAS,6.74023139727,3.87292090708
704,Josh_Lambo,SD,ARI,5.11602831688,0.371653303406
705,Josh_Lambo,SD,ATL,4.97160085076,0.674384904912
706,Josh_Lambo,SD,BAL,6.9644917731,0.684100404883
707,Josh_Lambo,SD,BUF,4.85700865454,0.867838569482
708,Josh_Lambo,SD,CAR,4.54691659334,1.09817990524
709,Josh_Lambo,SD,CHI,6.11147288891,0.597674592675
710,Josh_Lambo,SD,CIN,5.35930042835,0.466329761365
711,Josh_Lambo,SD,CLE,8.63471621119,1.05416571111
712,Josh_Lambo,SD,DAL,7.10687761179,1.251695875
713,Josh_Lambo,SD,DEN,3.13197760223,0.342662324368
714,Josh_Lambo,SD,DET,5.33010584385,0.799194842345
715,Josh_Lambo,SD,GB,6.38059957007,0.829375145463
716,Josh_Lambo,SD,HOU,3.98564609221,0.54239499699
717,Josh_Lambo,SD,IND,5.86391007606,0.726871358689
718,Josh_Lambo,SD,JAC,6.33117768349,0.536158644273
719,Josh_Lambo,SD,KC,2.60632146735,0.187516393894
720,Josh_Lambo,SD,MIA,5.7251387122,1.023220424
721,Josh_Lambo,SD,MIN,3.64733060651,1.51824977474
722,Josh_Lambo,SD,NE,5.4689238312,1.74348054167
723,Josh_Lambo,SD,NO,5.43179304025,2.89819994411
724,Josh_Lambo,SD,NYG,5.92372723515,1.68763770968
725,Josh_Lambo,SD,NYJ,6.94229192827,0.776160152844
726,Josh_Lambo,SD,OAK,7.14036736323,0.301983871517
727,Josh_Lambo,SD,PHI,5.04393584257,2.79645735286
728,Josh_Lambo,SD,PIT,5.28346039208,0.440236324698
729,Josh_Lambo,SD,SD,7.01922004785,1.45438833835
730,Josh_Lambo,SD,SEA,4.27424746382,1.20789676705
731,Josh_Lambo,SD,SF,5.90989291884,1.4930544934
732,Josh_Lambo,SD,STL,5.45050536815,0.721972381016
733,Josh_Lambo,SD,TB,7.61478397652,2.26173256608
734,Josh_Lambo,SD,TEN,5.10864664611,1.30651252449
735,Josh_Lambo,SD,WAS,5.80726345527,2.63287329704
736,Brandon_McManus,DEN,ARI,6.44620382137,0.944758366397
737,Brandon_McManus,DEN,ATL,5.09024015813,0.883607511203
738,Brandon_McManus,DEN,BAL,5.42042507283,1.29735404022
739,Brandon_McManus,DEN,BUF,5.47991114506,3.04529198187
740,Brandon_McManus,DEN,CAR,5.03547830727,2.90122808076
741,Brandon_McManus,DEN,CHI,6.57910770993,1.14871902084
742,Brandon_McManus,DEN,CIN,5.44628103484,1.72257859493
743,Brandon_McManus,DEN,CLE,9.65017100904,1.6264571658
744,Brandon_McManus,DEN,DAL,6.65240017618,2.19423606833
745,Brandon_McManus,DEN,DEN,3.57024795353,0.778623489577
746,Brandon_McManus,DEN,DET,5.29118410909,0.573596245574
747,Brandon_McManus,DEN,GB,6.5336829238,1.36753425656
748,Brandon_McManus,DEN,HOU,4.96279177268,1.6529027166
749,Brandon_McManus,DEN,IND,5.96831629907,0.524620870491
750,Brandon_McManus,DEN,JAC,6.49251014082,2.44236480263
751,Brandon_McManus,DEN,KC,3.9636497856,0.321851386304
752,Brandon_McManus,DEN,MIA,5.44694507308,2.54501454731
753,Brandon_McManus,DEN,MIN,7.86019537535,5.2018417575
754,Brandon_McManus,DEN,NE,5.17735306249,0.557012225296
755,Brandon_McManus,DEN,NO,5.90029183235,6.07362886885
756,Brandon_McManus,DEN,NYG,6.48922088409,3.50326489116
757,Brandon_McManus,DEN,NYJ,6.25600284406,2.75783143309
758,Brandon_McManus,DEN,OAK,8.44253971876,1.00420033019
759,Brandon_McManus,DEN,PHI,6.60935234266,6.3708565915
760,Brandon_McManus,DEN,PIT,5.54431279746,1.26548450269
761,Brandon_McManus,DEN,SD,5.91978607177,2.58973782353
762,Brandon_McManus,DEN,SEA,6.76673187378,3.5966014294
763,Brandon_McManus,DEN,SF,6.14845214762,1.62948153635
764,Brandon_McManus,DEN,STL,6.25067159738,1.25834057679
765,Brandon_McManus,DEN,TB,7.62190364692,2.49714522925
766,Brandon_McManus,DEN,TEN,5.28725298241,2.31374600592
767,Brandon_McManus,DEN,WAS,5.8791511433,3.51947540382
768,Jason_Myers,JAC,ARI,4.82475039399,1.02171048129
769,Jason_Myers,JAC,ATL,5.53982518093,0.5519479742
770,Jason_Myers,JAC,BAL,8.745369023,1.0779299633
771,Jason_Myers,JAC,BUF,4.33683882365,0.343277129454
772,Jason_Myers,JAC,CAR,4.46847784531,1.47172369015
773,Jason_Myers,JAC,CHI,6.90068723318,2.02303284671
774,Jason_Myers,JAC,CIN,4.40117361716,1.32312049502
775,Jason_Myers,JAC,CLE,6.99171371711,2.3668614652
776,Jason_Myers,JAC,DAL,7.01932167355,1.31345968676
777,Jason_Myers,JAC,DEN,3.28329234981,0.788359644156
778,Jason_Myers,JAC,DET,4.98239688546,1.98682874864
779,Jason_Myers,JAC,GB,5.03034708371,2.02488075962
780,Jason_Myers,JAC,HOU,3.69867915208,0.961441640155
781,Jason_Myers,JAC,IND,6.6051325201,0.418068076644
782,Jason_Myers,JAC,JAC,6.35500030243,2.37131528061
783,Jason_Myers,JAC,KC,3.45996918821,0.808324874292
784,Jason_Myers,JAC,MIA,7.72203133009,1.07027474932
785,Jason_Myers,JAC,MIN,5.23591801039,3.41308694588
786,Jason_Myers,JAC,NE,5.8643275365,0.783286969503
787,Jason_Myers,JAC,NO,6.04113438893,3.39052906318
788,Jason_Myers,JAC,NYG,7.13887833191,1.78297284342
789,Jason_Myers,JAC,NYJ,8.41734238355,1.5991673893
790,Jason_Myers,JAC,OAK,8.21532234814,2.2600653851
791,Jason_Myers,JAC,PHI,5.7979669781,2.75820077052
792,Jason_Myers,JAC,PIT,5.13933084295,1.24358135283
793,Jason_Myers,JAC,SD,10.6359040125,2.11585508175
794,Jason_Myers,JAC,SEA,5.70405146035,1.84202211485
795,Jason_Myers,JAC,SF,5.75633079942,1.31400212051
796,Jason_Myers,JAC,STL,5.7660201003,1.60257376085
797,Jason_Myers,JAC,TB,7.13380898071,0.327339824335
798,Jason_Myers,JAC,TEN,6.53992959318,0.678259279703
799,Jason_Myers,JAC,WAS,7.76689909591,2.51478682953
800,Nick_Novak,HOU,ARI,3.7099596321,1.19085377624
801,Nick_Novak,HOU,ATL,3.6347838826,0.386363446355
802,Nick_Novak,HOU,BAL,4.3896109054,1.10707806082
803,Nick_Novak,HOU,BUF,3.2329777296,0.628823125524
804,Nick_Novak,HOU,CAR,3.62786873095,0.90248354289
805,Nick_Novak,HOU,CHI,4.33646240993,2.25747935082
806,Nick_Novak,HOU,CIN,3.47153283353,0.735589260974
807,Nick_Novak,HOU,CLE,4.67640428839,1.40238425382
808,Nick_Novak,HOU,DAL,4.95717165162,0.627341658303
809,Nick_Novak,HOU,DEN,2.06460638418,0.835904979135
810,Nick_Novak,HOU,DET,2.47822102253,1.61769711875
811,Nick_Novak,HOU,GB,3.60750939644,1.17391439101
812,Nick_Novak,HOU,HOU,3.51020805928,0.439489304383
813,Nick_Novak,HOU,IND,5.67528677437,0.479268905909
814,Nick_Novak,HOU,JAC,5.36968646135,0.836268352971
815,Nick_Novak,HOU,KC,2.1182998849,1.08396939494
816,Nick_Novak,HOU,MIA,4.08605886134,0.509078194514
817,Nick_Novak,HOU,MIN,3.67150225752,2.59221111412
818,Nick_Novak,HOU,NE,4.88316010888,0.64137649563
819,Nick_Novak,HOU,NO,5.28128926445,0.533856944524
820,Nick_Novak,HOU,NYG,5.21789009414,0.928328210476
821,Nick_Novak,HOU,NYJ,4.95863109628,0.441108170934
822,Nick_Novak,HOU,OAK,4.31843125036,1.67832640026
823,Nick_Novak,HOU,PHI,3.68114374086,1.76932735268
824,Nick_Novak,HOU,PIT,2.75797916024,1.33402529654
825,Nick_Novak,HOU,SD,4.55327048726,2.23147548499
826,Nick_Novak,HOU,SEA,4.17657706109,1.62769312657
827,Nick_Novak,HOU,SF,3.90216909472,1.05872479726
828,Nick_Novak,HOU,STL,3.45972278591,1.03458016369
829,Nick_Novak,HOU,TB,5.34857599403,1.22326731452
830,Nick_Novak,HOU,TEN,5.38449042382,0.86836771052
831,Nick_Novak,HOU,WAS,5.60262673585,1.29431113946
832,Mike_Nugent,CIN,ARI,6.49705243724,0.297469973408
833,Mike_Nugent,CIN,ATL,4.15754558282,0.708407797231
834,Mike_Nugent,CIN,BAL,4.57599791392,0.29288387274
835,Mike_Nugent,CIN,BUF,7.26760916727,1.56895742836
836,Mike_Nugent,CIN,CAR,5.26853418629,1.69139889
837,Mike_Nugent,CIN,CHI,5.17825395609,0.843309758267
838,Mike_Nugent,CIN,CIN,7.72999633186,2.06554458393
839,Mike_Nugent,CIN,CLE,7.90955917965,0.954200675504
840,Mike_Nugent,CIN,DAL,5.90899220393,1.43726078711
841,Mike_Nugent,CIN,DEN,4.57405254796,0.633700998718
842,Mike_Nugent,CIN,DET,4.81453712475,0.507418217505
843,Mike_Nugent,CIN,GB,4.26535328974,0.944570663679
844,Mike_Nugent,CIN,HOU,5.5921332608,0.407859166615
845,Mike_Nugent,CIN,IND,6.33624326203,1.01022127093
846,Mike_Nugent,CIN,JAC,6.68202750012,1.55753670958
847,Mike_Nugent,CIN,KC,3.62397142949,0.201268327868
848,Mike_Nugent,CIN,MIA,5.10202680771,0.925402884312
849,Mike_Nugent,CIN,MIN,6.75297106988,1.68210000448
850,Mike_Nugent,CIN,NE,4.38241707604,1.0026363675
851,Mike_Nugent,CIN,NO,7.10059520275,4.40160546121
852,Mike_Nugent,CIN,NYG,6.66033723577,1.27047721961
853,Mike_Nugent,CIN,NYJ,5.8022102908,1.40091366208
854,Mike_Nugent,CIN,OAK,5.79330064277,1.15231455566
855,Mike_Nugent,CIN,PHI,5.30439983734,3.58192805649
856,Mike_Nugent,CIN,PIT,5.96825946103,0.562836233717
857,Mike_Nugent,CIN,SD,5.39172170083,0.494916275119
858,Mike_Nugent,CIN,SEA,7.41735876437,1.13663288317
859,Mike_Nugent,CIN,SF,5.02459782858,0.844859159779
860,Mike_Nugent,CIN,STL,6.59705188962,0.377846725394
861,Mike_Nugent,CIN,TB,6.2300510951,1.70633820036
862,Mike_Nugent,CIN,TEN,5.27520352042,1.15397350138
863,Mike_Nugent,CIN,WAS,5.39919415064,2.23872550088
864,Cody_Parkey,PHI,ARI,2.23130620037,0.299150209536
865,Cody_Parkey,PHI,ATL,2.20655144477,0.198548419779
866,Cody_Parkey,PHI,BAL,3.00466847474,0.498169432889
867,Cody_Parkey,PHI,BUF,2.24349733875,0.271635992661
868,Cody_Parkey,PHI,CAR,2.22443068807,0.280497254249
869,Cody_Parkey,PHI,CHI,2.9195477152,0.435379450578
870,Cody_Parkey,PHI,CIN,1.97603431064,0.285805700361
871,Cody_Parkey,PHI,CLE,3.11788690526,0.508130880575
872,Cody_Parkey,PHI,DAL,3.42726167026,0.295725770303
873,Cody_Parkey,PHI,DEN,1.39878283208,0.148764017775
874,Cody_Parkey,PHI,DET,2.02061238579,0.391393199697
875,Cody_Parkey,PHI,GB,2.4006259687,0.397201037453
876,Cody_Parkey,PHI,HOU,1.90215351787,0.179256504116
877,Cody_Parkey,PHI,IND,2.93699893271,0.320060245597
878,Cody_Parkey,PHI,JAC,3.25164399634,0.522268066478
879,Cody_Parkey,PHI,KC,1.3102854722,0.141238328544
880,Cody_Parkey,PHI,MIA,2.93521038874,0.377329533835
881,Cody_Parkey,PHI,MIN,1.845081763,0.445571958738
882,Cody_Parkey,PHI,NE,2.4043775418,0.290427748283
883,Cody_Parkey,PHI,NO,2.91102573713,0.455193239646
884,Cody_Parkey,PHI,NYG,2.60936737694,0.368026854055
885,Cody_Parkey,PHI,NYJ,3.61991051646,0.457025916289
886,Cody_Parkey,PHI,OAK,2.92248552977,0.464306541382
887,Cody_Parkey,PHI,PHI,2.46047737142,0.390152807695
888,Cody_Parkey,PHI,PIT,1.88411696463,0.249512960754
889,Cody_Parkey,PHI,SD,3.2872490575,0.843350042988
890,Cody_Parkey,PHI,SEA,2.0327930937,0.361913393382
891,Cody_Parkey,PHI,SF,2.44459620843,0.32504484721
892,Cody_Parkey,PHI,STL,2.16921645361,0.340369795308
893,Cody_Parkey,PHI,TB,3.28216091626,0.36790496252
894,Cody_Parkey,PHI,TEN,2.37828657018,0.295112988493
895,Cody_Parkey,PHI,WAS,2.98608183303,0.527924244803
896,Matt_Prater,DET,ARI,4.9764566073,0.210238974443
897,Matt_Prater,DET,ATL,5.24641807106,0.746552175613
898,Matt_Prater,DET,BAL,5.20395242458,1.38438516173
899,Matt_Prater,DET,BUF,3.08561380079,1.29970576685
900,Matt_Prater,DET,CAR,5.32070377327,3.28518477856
901,Matt_Prater,DET,CHI,9.07525704411,3.30590875583
902,Matt_Prater,DET,CIN,2.12404417067,1.44235628563
903,Matt_Prater,DET,CLE,6.69179746071,1.3133072549
904,Matt_Prater,DET,DAL,6.40143868791,1.7553431418
905,Matt_Prater,DET,DEN,2.49539551005,0.682160173328
906,Matt_Prater,DET,DET,4.68982799344,1.48514144663
907,Matt_Prater,DET,GB,5.8235997385,2.02212737427
908,Matt_Prater,DET,HOU,4.0937147074,1.12332821755
909,Matt_Prater,DET,IND,4.97869405891,1.80439705109
910,Matt_Prater,DET,JAC,6.11726721357,2.67778445563
911,Matt_Prater,DET,KC,3.7966130082,0.302380541193
912,Matt_Prater,DET,MIA,5.62251538852,1.91160907459
913,Matt_Prater,DET,MIN,4.96692936342,0.198436709876
914,Matt_Prater,DET,NE,4.52125814928,2.35205588163
915,Matt_Prater,DET,NO,4.27069390316,1.79563674209
916,Matt_Prater,DET,NYG,5.15866022598,2.18685881001
917,Matt_Prater,DET,NYJ,6.34406647082,1.77337496409
918,Matt_Prater,DET,OAK,7.91278787426,2.30736562684
919,Matt_Prater,DET,PHI,7.6030641047,2.10082282942
920,Matt_Prater,DET,PIT,3.29050476224,0.939353344209
921,Matt_Prater,DET,SD,6.18279530212,2.34991350743
922,Matt_Prater,DET,SEA,3.55540293953,0.336265847569
923,Matt_Prater,DET,SF,5.67723702763,1.73329671377
924,Matt_Prater,DET,STL,3.4588709898,0.579703591962
925,Matt_Prater,DET,TB,7.63067838239,2.44566980872
926,Matt_Prater,DET,TEN,4.54043878142,1.79777135881
927,Matt_Prater,DET,WAS,6.16770367402,3.40813106656
928,Cairo_Santos,KC,ARI,8.10296557686,1.48624133366
929,Cairo_Santos,KC,ATL,3.71543374972,1.83562098631
930,Cairo_Santos,KC,BAL,4.76383548572,1.97622553322
931,Cairo_Santos,KC,BUF,9.46217366779,3.04843027768
932,Cairo_Santos,KC,CAR,6.51596150443,5.24338764035
933,Cairo_Santos,KC,CHI,3.53846457851,0.799671292279
934,Cairo_Santos,KC,CIN,14.1420126561,19.102945859
935,Cairo_Santos,KC,CLE,7.1326518689,2.10791626224
936,Cairo_Santos,KC,DAL,5.06977312061,3.18383874515
937,Cairo_Santos,KC,DEN,8.33081149856,3.40414323515
938,Cairo_Santos,KC,DET,8.00049271109,1.31999120022
939,Cairo_Santos,KC,GB,2.10107609262,0.593372210434
940,Cairo_Santos,KC,HOU,6.66363711027,2.93907732444
941,Cairo_Santos,KC,IND,6.90463346571,3.2768202357
942,Cairo_Santos,KC,JAC,6.96189876183,2.48591025944
943,Cairo_Santos,KC,KC,4.11404925221,1.1968165436
944,Cairo_Santos,KC,MIA,4.71963986257,1.98540420195
945,Cairo_Santos,KC,MIN,4.82029527179,1.80007969837
946,Cairo_Santos,KC,NE,3.80915005719,7.89124565444
947,Cairo_Santos,KC,NO,6.38971473839,12.1772768273
948,Cairo_Santos,KC,NYG,6.85735424178,7.49483515894
949,Cairo_Santos,KC,NYJ,5.19896365562,1.44382693681
950,Cairo_Santos,KC,OAK,3.80361854135,2.12778292435
951,Cairo_Santos,KC,PHI,2.03559182885,13.2824091671
952,Cairo_Santos,KC,PIT,7.67257641444,2.68336790664
953,Cairo_Santos,KC,SD,5.54859842188,0.4206339171
954,Cairo_Santos,KC,SEA,6.88698873999,3.2446727199
955,Cairo_Santos,KC,SF,4.34034655049,4.02356935585
956,Cairo_Santos,KC,STL,9.25526533585,2.77798033161
957,Cairo_Santos,KC,TB,6.78771246706,8.7378482763
958,Cairo_Santos,KC,TEN,4.91970498452,4.55713434393
959,Cairo_Santos,KC,WAS,2.85004895185,7.34013173288
960,Caleb_Sturgis,PHI,ARI,5.96666874512,1.72422827973
961,Caleb_Sturgis,PHI,ATL,4.26115545828,0.729827994189
962,Caleb_Sturgis,PHI,BAL,4.35288878964,3.11894428148
963,Caleb_Sturgis,PHI,BUF,8.387684855,2.98383300303
964,Caleb_Sturgis,PHI,CAR,6.23783337236,2.45949139132
965,Caleb_Sturgis,PHI,CHI,5.1587900326,4.27291942752
966,Caleb_Sturgis,PHI,CIN,6.93596110724,5.77229314596
967,Caleb_Sturgis,PHI,CLE,6.89574359281,3.32694366354
968,Caleb_Sturgis,PHI,DAL,7.57601121246,0.593789673656
969,Caleb_Sturgis,PHI,DEN,3.81427298708,1.71349629911
970,Caleb_Sturgis,PHI,DET,2.6357531072,2.96311827365
971,Caleb_Sturgis,PHI,GB,4.28093537212,2.03799146767
972,Caleb_Sturgis,PHI,HOU,6.34752545155,1.03771856962
973,Caleb_Sturgis,PHI,IND,7.72422557575,1.84848528684
974,Caleb_Sturgis,PHI,JAC,8.33703594696,2.44967744606
975,Caleb_Sturgis,PHI,KC,3.02300201936,1.91720702254
976,Caleb_Sturgis,PHI,MIA,5.40051473975,1.20203484465
977,Caleb_Sturgis,PHI,MIN,6.20920944062,4.19792667835
978,Caleb_Sturgis,PHI,NE,4.87593209291,0.328915189468
979,Caleb_Sturgis,PHI,NO,10.7479352867,7.90076545497
980,Caleb_Sturgis,PHI,NYG,7.63545636754,0.970052969576
981,Caleb_Sturgis,PHI,NYJ,6.72595963039,1.42037758309
982,Caleb_Sturgis,PHI,OAK,4.27504068119,3.21252935098
983,Caleb_Sturgis,PHI,PHI,6.26367618443,3.32505385671
984,Caleb_Sturgis,PHI,PIT,4.67081935272,2.80475677976
985,Caleb_Sturgis,PHI,SD,4.67437167454,4.70220471967
986,Caleb_Sturgis,PHI,SEA,7.74510184435,3.20407163244
987,Caleb_Sturgis,PHI,SF,4.843028512,0.996417653787
988,Caleb_Sturgis,PHI,STL,5.41286345986,2.50901233831
989,Caleb_Sturgis,PHI,TB,6.01262539012,0.680002631395
990,Caleb_Sturgis,PHI,TEN,6.44027704956,2.03005968558
991,Caleb_Sturgis,PHI,WAS,7.1687621912,2.71866100681
992,Ryan_Succop,TEN,ARI,3.98922973505,0.784591725433
993,Ryan_Succop,TEN,ATL,2.2397424017,0.383169444273
994,Ryan_Succop,TEN,BAL,2.03795991904,1.09300176783
995,Ryan_Succop,TEN,BUF,5.29775791501,0.492707242205
996,Ryan_Succop,TEN,CAR,4.03292391851,0.388339751568
997,Ryan_Succop,TEN,CHI,3.0489424278,1.43428310318
998,Ryan_Succop,TEN,CIN,4.94559482663,2.02029881861
999,Ryan_Succop,TEN,CLE,3.42084744,0.670628787421
1000,Ryan_Succop,TEN,DAL,4.22966229746,0.702575488993
1001,Ryan_Succop,TEN,DEN,2.90380398957,0.713064200411
1002,Ryan_Succop,TEN,DET,1.91818374777,1.20680783181
1003,Ryan_Succop,TEN,GB,2.04217576727,0.837289475644
1004,Ryan_Succop,TEN,HOU,4.29752208015,0.404334998147
1005,Ryan_Succop,TEN,IND,5.52361165067,0.945686520558
1006,Ryan_Succop,TEN,JAC,5.72257300732,0.391724876337
1007,Ryan_Succop,TEN,KC,2.06783365153,0.83457255298
1008,Ryan_Succop,TEN,MIA,3.53577701842,0.168064372689
1009,Ryan_Succop,TEN,MIN,3.63003957165,1.85074902013
1010,Ryan_Succop,TEN,NE,2.90277684279,0.953638356306
1011,Ryan_Succop,TEN,NO,5.9696836817,1.29596705079
1012,Ryan_Succop,TEN,NYG,4.27977133864,0.731734370145
1013,Ryan_Succop,TEN,NYJ,4.11752581328,0.530747593975
1014,Ryan_Succop,TEN,OAK,1.74735893898,0.402996441857
1015,Ryan_Succop,TEN,PHI,3.01294887798,1.62422832721
1016,Ryan_Succop,TEN,PIT,2.61268474183,1.0140100649
1017,Ryan_Succop,TEN,SD,2.34961723247,1.20870145616
1018,Ryan_Succop,TEN,SEA,4.6084206793,1.47612155066
1019,Ryan_Succop,TEN,SF,2.43704095643,0.75822132729
1020,Ryan_Succop,TEN,STL,3.3349336855,1.20554194981
1021,Ryan_Succop,TEN,TB,3.79458562108,1.44272364905
1022,Ryan_Succop,TEN,TEN,4.14959484011,1.01262834508
1023,Ryan_Succop,TEN,WAS,4.18063192655,1.25062995893
1024,Justin_Tucker,BAL,ARI,4.96052945874,0.433263893513
1025,Justin_Tucker,BAL,ATL,5.97973001921,1.35794728695
1026,Justin_Tucker,BAL,BAL,10.0118661548,4.72706668907
1027,Justin_Tucker,BAL,BUF,3.14075386134,1.63071338171
1028,Justin_Tucker,BAL,CAR,3.22434971428,3.06675261685
1029,Justin_Tucker,BAL,CHI,6.79449565039,3.85035286315
1030,Justin_Tucker,BAL,CIN,4.98308162944,0.373575580053
1031,Justin_Tucker,BAL,CLE,7.61515344589,0.750929505972
1032,Justin_Tucker,BAL,DAL,5.22216501765,2.94970025616
1033,Justin_Tucker,BAL,DEN,3.97441163596,0.841587265264
1034,Justin_Tucker,BAL,DET,6.72628016359,1.68028321211
1035,Justin_Tucker,BAL,GB,4.29363622501,1.35018200426
1036,Justin_Tucker,BAL,HOU,2.7845439646,1.9534764379
1037,Justin_Tucker,BAL,IND,4.71321014143,2.92413232595
1038,Justin_Tucker,BAL,JAC,2.77806185345,3.46460589206
1039,Justin_Tucker,BAL,KC,4.20880159945,1.23858171035
1040,Justin_Tucker,BAL,MIA,6.33721334417,1.25886404096
1041,Justin_Tucker,BAL,MIN,6.46460419197,2.29204696061
1042,Justin_Tucker,BAL,NE,6.07168459458,3.88870801885
1043,Justin_Tucker,BAL,NO,4.10589798982,8.41997155481
1044,Justin_Tucker,BAL,NYG,7.77538177743,4.87109677798
1045,Justin_Tucker,BAL,NYJ,6.53957228897,3.65477089455
1046,Justin_Tucker,BAL,OAK,11.1306155629,5.03388686507
1047,Justin_Tucker,BAL,PHI,5.30866611525,9.63188622281
1048,Justin_Tucker,BAL,PIT,7.23293099831,2.50064208005
1049,Justin_Tucker,BAL,SD,12.8176298336,9.18851457776
1050,Justin_Tucker,BAL,SEA,6.08846060519,0.313978523277
1051,Justin_Tucker,BAL,SF,6.56893786055,0.494886006547
1052,Justin_Tucker,BAL,STL,7.54033762603,0.46090659546
1053,Justin_Tucker,BAL,TB,7.01961447697,3.64804426189
1054,Justin_Tucker,BAL,TEN,5.62162633195,2.79860863482
1055,Justin_Tucker,BAL,WAS,6.05188751726,5.63027906608
1056,Adam_Vinatieri,IND,ARI,7.80915209364,1.5677790912
1057,Adam_Vinatieri,IND,ATL,5.5787102278,0.400219943487
1058,Adam_Vinatieri,IND,BAL,4.52335373813,1.9769249895
1059,Adam_Vinatieri,IND,BUF,6.29905706163,2.4663180873
1060,Adam_Vinatieri,IND,CAR,9.30168173725,6.01806675859
1061,Adam_Vinatieri,IND,CHI,8.6953745655,5.30850277925
1062,Adam_Vinatieri,IND,CIN,7.35639695411,3.9515459689
1063,Adam_Vinatieri,IND,CLE,6.70997490617,2.25963405251
1064,Adam_Vinatieri,IND,DAL,6.51094508239,1.3617150383
1065,Adam_Vinatieri,IND,DEN,6.59675177382,1.97208853007
1066,Adam_Vinatieri,IND,DET,7.51805601215,2.11568155131
1067,Adam_Vinatieri,IND,GB,4.40331621442,1.64163710516
1068,Adam_Vinatieri,IND,HOU,7.17509591269,1.48915337111
1069,Adam_Vinatieri,IND,IND,6.59706276221,1.35256776944
1070,Adam_Vinatieri,IND,JAC,8.73223350157,2.00181941296
1071,Adam_Vinatieri,IND,KC,5.18788782174,1.45008417582
1072,Adam_Vinatieri,IND,MIA,5.86107684917,1.5229343756
1073,Adam_Vinatieri,IND,MIN,5.60643011785,2.83240069849
1074,Adam_Vinatieri,IND,NE,4.40991721146,1.73358392491
1075,Adam_Vinatieri,IND,NO,4.09137087768,2.02539056748
1076,Adam_Vinatieri,IND,NYG,6.61424402297,1.61736717505
1077,Adam_Vinatieri,IND,NYJ,6.30022623248,1.51084571191
1078,Adam_Vinatieri,IND,OAK,6.44518196093,2.92019755056
1079,Adam_Vinatieri,IND,PHI,5.93529396331,3.85490934419
1080,Adam_Vinatieri,IND,PIT,4.25850169573,0.214125802864
1081,Adam_Vinatieri,IND,SD,4.95829320872,3.06706304826
1082,Adam_Vinatieri,IND,SEA,4.39192883436,1.92517765057
1083,Adam_Vinatieri,IND,SF,6.03852278894,1.71221167368
1084,Adam_Vinatieri,IND,STL,6.44025822446,2.02714245396
1085,Adam_Vinatieri,IND,TB,10.1424072125,4.64432752771
1086,Adam_Vinatieri,IND,TEN,4.97906532617,0.380344114883
1087,Adam_Vinatieri,IND,WAS,5.1647973375,1.9683333458
1088,Blair_Walsh,MIN,ARI,7.14772595779,0.438532099841
1089,Blair_Walsh,MIN,ATL,5.55262528901,1.13064828124
1090,Blair_Walsh,MIN,BAL,5.40722586526,1.32807117946
1091,Blair_Walsh,MIN,BUF,3.67102232383,1.98878053916
1092,Blair_Walsh,MIN,CAR,6.73078562261,3.87948205893
1093,Blair_Walsh,MIN,CHI,9.17785818356,2.04356694848
1094,Blair_Walsh,MIN,CIN,5.83528054045,2.08468740388
1095,Blair_Walsh,MIN,CLE,5.72041409333,1.15630915986
1096,Blair_Walsh,MIN,DAL,4.6318514929,1.8089190345
1097,Blair_Walsh,MIN,DEN,6.15954235829,0.475743478643
1098,Blair_Walsh,MIN,DET,8.76924910585,2.72315015148
1099,Blair_Walsh,MIN,GB,2.89703500409,1.01479798111
1100,Blair_Walsh,MIN,HOU,4.86481564556,2.219997649
1101,Blair_Walsh,MIN,IND,4.55327853464,3.09363562945
1102,Blair_Walsh,MIN,JAC,5.37487128215,2.50895511813
1103,Blair_Walsh,MIN,KC,6.07687505289,1.93097905046
1104,Blair_Walsh,MIN,MIA,5.13408787615,1.75464659787
1105,Blair_Walsh,MIN,MIN,5.65945699086,2.39603706402
1106,Blair_Walsh,MIN,NE,4.01242534675,3.76691228949
1107,Blair_Walsh,MIN,NO,2.04998007603,5.12242188619
1108,Blair_Walsh,MIN,NYG,5.42767964973,3.90082755954
1109,Blair_Walsh,MIN,NYJ,5.23901117678,1.62038850053
1110,Blair_Walsh,MIN,OAK,8.41374725571,1.36181315722
1111,Blair_Walsh,MIN,PHI,5.05027781628,6.31662762008
1112,Blair_Walsh,MIN,PIT,4.65722787979,1.3689744426
1113,Blair_Walsh,MIN,SD,7.03656666251,0.744021758952
1114,Blair_Walsh,MIN,SEA,3.0679898126,2.29585963623
1115,Blair_Walsh,MIN,SF,5.65582104219,1.43206726677
1116,Blair_Walsh,MIN,STL,6.65464743121,0.345813504241
1117,Blair_Walsh,MIN,TB,8.55383168288,4.26399431164
1118,Blair_Walsh,MIN,TEN,3.56058307683,2.95203217709
1119,Blair_Walsh,MIN,WAS,3.43852143356,3.84637046665
1120,Greg_Zuerlein,STL,ARI,5.12713293687,0.293594000973
1121,Greg_Zuerlein,STL,ATL,3.37526151784,0.311858442231
1122,Greg_Zuerlein,STL,BAL,2.93918670344,0.570208873693
1123,Greg_Zuerlein,STL,BUF,3.98549622539,1.04359379577
1124,Greg_Zuerlein,STL,CAR,4.11174970323,1.20825766971
1125,Greg_Zuerlein,STL,CHI,5.51308849545,0.387868383256
1126,Greg_Zuerlein,STL,CIN,4.32323135873,0.603969456788
1127,Greg_Zuerlein,STL,CLE,4.61232103451,0.27123469877
1128,Greg_Zuerlein,STL,DAL,3.12624220458,0.585143246256
1129,Greg_Zuerlein,STL,DEN,3.51567429731,0.339686269573
1130,Greg_Zuerlein,STL,DET,3.65858802174,0.302522380194
1131,Greg_Zuerlein,STL,GB,1.91243032947,0.341914711311
1132,Greg_Zuerlein,STL,HOU,4.0887279179,0.788109949098
1133,Greg_Zuerlein,STL,IND,4.11757433832,1.33925150152
1134,Greg_Zuerlein,STL,JAC,4.10290565877,1.13962676955
1135,Greg_Zuerlein,STL,KC,4.11953670614,0.694570482703
1136,Greg_Zuerlein,STL,MIA,3.79851814614,0.797901367931
1137,Greg_Zuerlein,STL,MIN,7.62520367436,2.1593952617
1138,Greg_Zuerlein,STL,NE,2.97887686415,1.59125861432
1139,Greg_Zuerlein,STL,NO,4.07799828336,2.25790625167
1140,Greg_Zuerlein,STL,NYG,5.03143190626,1.41516354938
1141,Greg_Zuerlein,STL,NYJ,3.6784949697,1.20872394834
1142,Greg_Zuerlein,STL,OAK,5.48109957128,0.812375006155
1143,Greg_Zuerlein,STL,PHI,4.84262519858,3.31755988762
1144,Greg_Zuerlein,STL,PIT,4.0049684723,0.411613112197
1145,Greg_Zuerlein,STL,SD,4.79059144346,1.26358379479
1146,Greg_Zuerlein,STL,SEA,6.10778500418,1.8288706935
1147,Greg_Zuerlein,STL,SF,3.75783310652,0.173270522
1148,Greg_Zuerlein,STL,STL,4.85488992446,0.415832168103
1149,Greg_Zuerlein,STL,TB,4.36501223813,0.897347733439
1150,Greg_Zuerlein,STL,TEN,3.89491583994,1.42851683813
1151,Greg_Zuerlein,STL,WAS,4.17693550667,0.43938174277
